block_number,price_fee_500,price_fee_3000,dislocation_bps,direction
300000002,3349.3600308852338,3352.9477636107827,10.711696241865187,3000_premium
300000004,3348.2940315766878,3357.426470048638,27.274899951512666,3000_premium
300000006,3348.434996502618,3353.7661248978598,15.921253961357351,3000_premium
300000008,3347.281311430061,3350.632713593393,10.01231104146516,3000_premium
300000010,3348.4290588281574,3352.5568638398704,12.327586874896213,3000_premium
300000014,3348.607570906409,3352.555301144284,11.789169540719069,3000_premium
300000016,3345.456697999436,3353.7911829006157,24.912846446836223,3000_premium
300000018,3341.004377154957,3356.2336048147504,45.582782722246584,3000_premium
300000020,3336.697105778982,3355.563059281297,56.540803387996604,3000_premium
300000022,3333.736746274528,3353.26758404153,58.58542306565795,3000_premium
300000024,3334.1025430747763,3355.1937179768156,63.258926891278655,3000_premium
300000026,3328.2287486082682,3353.150000167769,74.87842165272428,3000_premium
300000028,3328.115753039695,3352.2260071652654,72.44415733902886,3000_premium
300000030,3324.5510247778675,3352.0287687222217,82.65099178674795,3000_premium
300000032,3322.273829155265,3349.396532021776,81.6389745736501,3000_premium
300000034,3324.741046167569,3349.305859283468,73.88489140895737,3000_premium
300000036,3324.665357794442,3353.6824421909364,87.27821080839249,3000_premium
300000038,3323.3071644953675,3351.8834794212726,85.98758258400174,3000_premium
300000040,3323.5641388904437,3350.4578064212833,80.91815414706494,3000_premium
300000042,3320.7140527614692,3350.3202530197345,89.15612662778072,3000_premium
300000044,3323.872637583728,3351.7417092264554,83.84518506396876,3000_premium
300000046,3325.872172605078,3352.3282835152845,79.54638524030777,3000_premium
300000048,3324.37875863176,3350.621686558299,78.94084829654035,3000_premium
300000050,3326.1525866285506,3350.0651710702464,71.89262614657687,3000_premium
300000052,3326.3260832715027,3350.613680367143,73.01628429571494,3000_premium
300000054,3325.886517636176,3347.4184858286303,64.74053783337652,3000_premium
300000056,3325.731657295384,3344.271904779673,55.74787563999317,3000_premium
300000058,3329.0805553813484,3343.582825825909,43.562389684796976,3000_premium
300000060,3329.5539407398755,3343.796999737679,42.77767908646091,3000_premium
300000062,3329.8505636679656,3343.4271191609773,40.77226660302857,3000_premium
300000064,3328.500272244612,3342.552737534661,42.2186094056487,3000_premium
300000066,3330.594347299691,3341.9216961382554,34.009992383936535,3000_premium
300000068,3327.5086533707918,3342.136179920384,43.95939447001673,3000_premium
300000070,3368.9455609267966,3382.7929755704,41.103111917883965,3000_premium
300000072,3367.8532850844563,3382.457761142393,43.364347617567134,3000_premium
300000074,3370.8166944989157,3383.7655475916445,38.41458692743771,3000_premium
300000076,3346.4488941157388,3361.1698350578254,43.98973780227466,3000_premium
300000078,3345.8628078307756,3361.836568150332,47.741826957670156,3000_premium
300000080,3344.8603289154507,3360.2983561822766,46.15447507140491,3000_premium
300000082,3345.685881743951,3361.7968504265014,48.15445696938036,3000_premium
300000084,3345.2238460046137,3362.283298853167,50.996446378104295,3000_premium
300000086,3345.1968666818775,3363.549269057295,54.86195015368844,3000_premium
300000088,3347.927515570021,3365.926524925984,53.76164589064647,3000_premium
300000090,3347.8709338235963,3362.256402715557,42.96900679958915,3000_premium
300000092,3347.0744462481657,3361.9098272239585,44.32342696297775,3000_premium
300000094,3347.0617953360843,3362.7975233167435,47.01355679356034,3000_premium
300000096,3344.0373057117886,3359.7457562961986,46.974507603665394,3000_premium
300000098,3340.085513428098,3362.738664262773,67.82206845783678,3000_premium
300000100,3339.3736282622053,3363.3765559856133,71.8785329088778,3000_premium
300000102,3339.7571117679563,3367.129481618895,81.95916330109742,3000_premium
300000104,3337.812684380856,3366.5602188312278,86.1268656114067,3000_premium
300000106,3338.2926043084735,3364.9236643828976,79.77449322463137,3000_premium
300000108,3337.8803777628555,3365.855787046494,83.81189892247897,3000_premium
300000110,3339.521693882657,3368.1996382877464,85.87440667812362,3000_premium
300000112,3337.1053058767,3368.067424447248,92.78136508315438,3000_premium
300000114,3337.1877350276272,3369.4446344057715,96.65892943202081,3000_premium
300000116,3337.7947273295226,3370.3810512012983,97.62830411637502,3000_premium
300000118,3340.0659187221313,3371.2355593529146,93.32043555208669,3000_premium
300000120,3340.274721406738,3367.366656835287,81.10690792863639,3000_premium
300000122,3339.9973888292516,3367.236682432555,81.55483502593874,3000_premium
300000124,3337.352160231177,3363.235128886972,77.55540144736005,3000_premium
300000126,3332.3795157605214,3361.8229065249216,88.355454788831,3000_premium
300000128,3328.306456471567,3356.5162337526235,84.75715097149728,3000_premium
300000130,3326.336605208145,3358.624505239515,97.06744645390452,3000_premium
300000132,3326.6415166648453,3357.21165743282,91.89490546196,3000_premium
300000134,3329.550345728385,3358.990174069025,88.41983236087758,3000_premium
300000136,3329.3969752051185,3358.6973521431,88.00505663995261,3000_premium
300000138,3329.024392790062,3360.3010966682764,93.95156114191616,3000_premium
300000140,3331.584448274641,3362.970963336442,94.20897338518586,3000_premium
300000142,3331.465066646664,3363.681838914575,96.70451775242395,3000_premium
300000144,3330.005048184045,3362.4119518223592,97.31788141278398,3000_premium
300000146,3332.935281196455,3364.5449560209704,94.84034989472701,3000_premium
300000148,3335.188829165807,3364.1698526138593,86.8947005177545,3000_premium
300000150,3333.5676523438374,3364.6372573728563,93.20226336841708,3000_premium
300000152,3332.260354668381,3364.565862083401,96.9477290985421,3000_premium
300000154,3331.385013899787,3362.289194771533,92.766764402199,3000_premium
300000156,3328.1702197694963,3361.8227927759604,101.11433846311746,3000_premium
300000158,3332.0237093224882,3364.282578887758,96.81464593128241,3000_premium
300000160,3329.5651234779402,3362.127478887453,97.79762281838077,3000_premium
300000162,3332.8450465823585,3360.577250482552,83.2088006270526,3000_premium
300000164,3332.3585668760247,3363.020175000897,92.01173135943819,3000_premium
300000166,3328.2507230438277,3364.1811711111563,107.95595361418053,3000_premium
300000168,3328.196103976611,3366.6042458680663,115.40228006866604,3000_premium
300000170,3326.443415898512,3369.1881304312133,128.4997493972262,3000_premium
300000172,3325.187656416322,3367.1737103227315,126.26672009139916,3000_premium
300000174,3322.6080338419456,3365.518298286662,129.14633326489343,3000_premium
300000176,3325.7142480522552,3366.13102933008,121.52812377520084,3000_premium
300000178,3326.393279914162,3366.3027219422984,119.97812245810647,3000_premium
300000180,3365.282803566578,3408.856433987598,129.47984750298014,3000_premium
300000182,3366.767087843451,3407.808479365102,121.90148724525952,3000_premium
300000184,3366.410175000223,3413.1485676387,138.8374862503916,3000_premium
300000186,3345.617730481409,3389.407580337413,130.88718850644997,3000_premium
300000188,3346.5137544489876,3393.0458418272656,139.04645488582278,3000_premium
300000190,3343.276410318184,3390.7268836613107,141.92805954267752,3000_premium
300000192,3345.538180252146,3391.7985627216326,138.27486035744573,3000_premium
300000194,3346.807205409089,3387.8899836278815,122.752150624017,3000_premium
300000196,3348.7544752897315,3389.4680644725436,121.57830465994168,3000_premium
300000198,3347.686449137061,3389.132700453625,123.80565487920103,3000_premium
300000200,3344.765207254893,3390.6015458732945,137.03903197444413,3000_premium
300000202,3345.9216680377754,3391.7852082307954,137.07296447234674,3000_premium
300000204,3350.322578264172,3390.9264088334626,121.19379439077038,3000_premium
300000206,3347.636879830388,3393.6128263732917,137.3385112940717,3000_premium
300000208,3349.5511333889604,3391.8565800124325,126.3018384814707,3000_premium
300000210,3349.5220466504375,3391.3301301680103,124.81805742816876,3000_premium
300000212,3345.667891822822,3387.5421998345046,125.15978682172246,3000_premium
300000214,3346.2751617075287,3386.6456018450044,120.64291842896591,3000_premium
300000216,3345.699394408823,3388.911183847723,129.15622219710878,3000_premium
300000218,3343.6840758263093,3390.6002161911315,140.31271884808126,3000_premium
300000220,3343.2940070065756,3390.045443645071,139.83645034064463,3000_premium
300000222,3339.4477581274846,3392.9214242257294,160.12727244527625,3000_premium
300000224,3339.304231869059,3394.51587067757,165.33875015517285,3000_premium
300000226,3336.9917421199298,3399.088087327372,186.08480333845102,3000_premium
300000228,3334.6580832876307,3400.4346817984165,197.25140289626574,3000_premium
300000230,3335.1142163023537,3395.609184073097,181.3879940753993,3000_premium
300000232,3335.945481521607,3395.1478022420542,177.46789043280086,3000_premium
300000234,3340.6745601720822,3396.7697376426286,167.91572019411836,3000_premium
300000236,3342.7508951919676,3392.7502134479905,149.5753641946185,3000_premium
300000238,3342.718066666899,3390.9894827664457,144.40768002812464,3000_premium
300000240,3341.641257946525,3389.554562199959,143.38254933708106,3000_premium
300000242,3341.44832875495,3384.074789091921,127.56881490624039,3000_premium
300000244,3340.7683384183765,3384.674928602379,131.4266232683159,3000_premium
300000246,3340.7181240078903,3389.3657133051483,145.62015558168494,3000_premium
300000248,3339.0997104891417,3385.0893323529735,137.73060360960267,3000_premium
300000250,3331.4998965388413,3382.229496714557,152.27255515877448,3000_premium
300000252,3334.609824690693,3382.418068133095,143.36982722359838,3000_premium
300000254,3331.872836985625,3383.228944840695,154.1358580225194,3000_premium
300000256,3334.5097786433294,3383.9331831757013,148.21790252023348,3000_premium
300000258,3334.6218164015786,3383.1902681653924,145.6490553889078,3000_premium
300000260,3334.711451646535,3381.911947954537,141.54297003627246,3000_premium
300000262,3336.001308392544,3377.9282941938936,125.6803637812487,3000_premium
300000264,3333.5660012487633,3382.2921505711956,146.16824536901163,3000_premium
300000266,3331.9693132918087,3385.4216918680922,160.42278169565495,3000_premium
300000268,3329.004741658275,3383.8185725277676,164.6553102900894,3000_premium
300000270,3328.9875946193074,3383.685624704964,164.3083025423886,3000_premium
300000272,3333.0002901877865,3382.995829963294,150.00160642857585,3000_premium
300000274,3331.918702819408,3381.9651988252467,150.20323264037128,3000_premium
300000276,3332.8019053345993,3379.397545316972,139.80920950564135,3000_premium
300000278,3333.3860742246184,3384.792380172525,154.21647778937287,3000_premium
300000280,3333.5802511216625,3384.226908649764,151.9287184133633,3000_premium
300000282,3332.9517281258777,3385.904420096292,158.876264314185,3000_premium
300000284,3335.723630597982,3385.4134262094435,148.9625673891748,3000_premium
300000286,3335.7106595661207,3386.052884562094,150.9190398501814,3000_premium
300000288,3334.41415705951,3389.7362747687107,165.9125564593533,3000_premium
300000290,3330.173687518708,3389.9326155022745,179.4468805261995,3000_premium
300000292,3332.4216635137163,3393.4690466333022,183.19225261312687,3000_premium
300000294,3333.9819996852575,3391.877173062964,173.6517275233407,3000_premium
300000296,3334.4849050563134,3393.452624493845,176.84206441635152,3000_premium
300000298,3334.009673273948,3396.7667924307048,188.23316458806306,3000_premium
300000300,3337.537991225074,3398.551224443161,182.80910473079447,3000_premium
300000302,3337.4014122015897,3396.9677114175884,178.4810751209709,3000_premium
300000304,3335.917940807546,3394.779732300803,176.44855940013971,3000_premium
300000306,3337.101127895531,3393.8999651449008,170.20412349681547,3000_premium
300000308,3336.292457224398,3392.3583163771414,168.0483946523892,3000_premium
300000310,3336.136308427492,3393.0992068293604,170.74511691255844,3000_premium
300000312,3335.219617994383,3392.624992974915,172.11872546807783,3000_premium
300000314,3334.703579320764,3390.8293858098627,168.30823236328118,3000_premium
300000316,3330.9850259652894,3387.9387796760075,170.98171641949378,3000_premium
300000318,3328.9928408912333,3386.408574314222,172.47178401145868,3000_premium
300000320,3367.1450327476887,3428.6975229552754,182.80320452177978,3000_premium
300000322,3370.738134145367,3429.553963919945,174.4894662055696,3000_premium
300000324,3369.318704935827,3431.0703697180743,183.27641339415334,3000_premium
300000326,3345.7286884928035,3410.0219255284715,192.16512461633917,3000_premium
300000328,3346.8081664113683,3410.957796962902,191.67405887000166,3000_premium
300000330,3346.2034704778457,3407.4798260571465,183.12202506487242,3000_premium
300000332,3343.755881863269,3406.861295062454,188.7261373997795,3000_premium
300000334,3340.8371730031326,3403.621077270336,187.92865684850392,3000_premium
300000336,3343.829784996729,3403.869786890622,179.55459982826883,3000_premium
300000338,3346.3608979507217,3399.798006797446,159.68722584419615,3000_premium
300000340,3346.9683578926947,3399.5845919943577,157.20565142955502,3000_premium
300000342,3351.5422433873246,3399.803796119442,143.9980439671862,3000_premium
300000344,3350.151004602008,3401.11666699226,152.1294482554425,3000_premium
300000346,3350.248812113993,3401.025006362159,151.5594724325142,3000_premium
300000348,3352.4992304146467,3407.147423487362,163.00732473533364,3000_premium
300000350,3350.4918786934363,3406.039570970933,165.78966399153794,3000_premium
300000352,3351.1773479791977,3407.909588281338,169.2904743950674,3000_premium
300000354,3351.6804192221052,3406.7541367674585,164.31673267386148,3000_premium
300000356,3350.97944371593,3404.420254753402,159.47818223024157,3000_premium
300000358,3351.464044482425,3403.2868006176395,154.62721797815826,3000_premium
300000360,3352.6453169346964,3399.8432367619175,140.77814789658083,3000_premium
300000362,3354.034588110501,3400.196009410431,137.62953269344624,3000_premium
300000364,3350.0758779828116,3395.9737205165225,137.00538198360812,3000_premium
300000366,3345.5108137101956,3397.871751787764,156.51104119283943,3000_premium
300000368,3347.5122571128645,3397.6844491938245,149.87903920098634,3000_premium
300000370,3347.16091126851,3399.185721027187,155.42966453608642,3000_premium
300000372,3346.290837000374,3396.4035762953704,149.7560784044638,3000_premium
300000374,3347.7825750477564,3399.8469918854553,155.51911054724422,3000_premium
300000376,3348.2909403230565,3402.6058757097644,162.21689319945165,3000_premium
300000378,3345.5473973641897,3404.8403824274274,177.22954727812822,3000_premium
300000380,3345.133368358288,3404.4651718830596,177.3675276627018,3000_premium
300000382,3345.405825005336,3406.293383443285,182.00350457586723,3000_premium
300000384,3348.0101401067473,3406.091140471286,173.47916503827275,3000_premium
300000386,3350.5523708717415,3408.9771906813826,174.37369526756675,3000_premium
300000388,3351.759120537043,3404.821908752602,158.31325076563596,3000_premium
300000390,3350.8468774759567,3404.8585780717417,161.18820874461815,3000_premium
300000392,3347.7982746709786,3407.9967786651323,179.81520705595779,3000_premium
300000394,3349.659718651487,3409.9360715595926,179.94769012648294,3000_premium
300000396,3350.1671833756427,3412.00771357395,184.58938558402417,3000_premium
300000398,3346.1027848491713,3413.853734296108,202.47719153669408,3000_premium
300000400,3346.513466734771,3414.2217195025314,202.3247581125798,3000_premium
300000402,3345.630147426411,3412.005797291572,198.39506143923157,3000_premium
300000404,3346.1228799815613,3413.104958974116,200.17818052433302,3000_premium
300000406,3343.942765004871,3412.0601067435464,203.7036711618967,3000_premium
300000408,3345.02848309497,3411.3963073840187,198.40735175935544,3000_premium
300000410,3348.184178325376,3411.080875768871,187.85315888731446,3000_premium
300000412,3351.332610141605,3411.0304616666062,178.13168213846265,3000_premium
300000414,3350.638903209804,3408.721491472,173.3478000465949,3000_premium
300000416,3356.589137648475,3410.307726536972,160.0392144691587,3000_premium
300000418,3360.319225316214,3410.7437235904686,150.05865482768056,3000_premium
300000420,3360.7046164121616,3413.452677291988,156.95536174833214,3000_premium
300000422,3359.8039240361286,3418.2846881919118,174.06005075894404,3000_premium
300000424,3356.8599943877102,3420.0558361355024,188.2587949853387,3000_premium
300000426,3357.6524364805414,3420.3002816415315,186.5822813592244,3000_premium
300000428,3356.4735039701673,3417.1418884483605,180.7503750779871,3000_premium
300000430,3356.3571567281506,3417.024737901158,180.75424735831012,3000_premium
300000432,3354.4134851615727,3417.4725846384613,187.9884509045593,3000_premium
300000434,3352.002256210698,3418.1355683862125,197.29495125780704,3000_premium
300000436,3351.8892148360555,3418.2211399467874,197.89414523945226,3000_premium
300000438,3348.3008156693545,3416.972899167148,205.0953223092211,3000_premium
300000440,3346.7774414693126,3419.125648503203,216.17274616900772,3000_premium
300000442,3348.776827587977,3419.4802968639747,211.1322220505296,3000_premium
300000444,3352.289062157866,3421.960811939497,207.8333595038595,3000_premium
300000446,3353.19602864188,3420.268399620727,200.02520104979604,3000_premium
300000448,3351.4261605867696,3423.115321697384,213.90643169671765,3000_premium
300000450,3351.062571731883,3425.971161753387,223.5368287462025,3000_premium
300000452,3350.951637972026,3423.3313809128076,215.99757549644937,3000_premium
300000454,3350.712217603671,3423.0992000813967,216.03461526007894,3000_premium
300000456,3352.960291074454,3422.2396148881476,206.6213667907557,3000_premium
300000458,3352.8679810690724,3425.095309356261,215.41954140454678,3000_premium
300000460,3354.397040224412,3426.0694904845154,213.6671640257237,3000_premium
300000462,3350.155567302639,3424.5235158704995,221.98356784887352,3000_premium
300000464,3352.748518936602,3424.4470992023976,213.85015864099577,3000_premium
300000466,3350.194982148379,3423.2673650036168,218.1138209704403,3000_premium
300000468,3347.546158350529,3423.338902530963,226.4128427067913,3000_premium
300000470,3345.6542684982037,3422.3181944090124,229.14479428629565,3000_premium
300000472,3347.020345236061,3422.8304435556342,226.5002614264855,3000_premium
300000474,3348.034311890661,3425.709987161886,232.00382085499348,3000_premium
300000476,3345.193514955211,3431.1555657083104,256.9718324778303,3000_premium
300000478,3349.551773400167,3433.097211060584,249.4227386597725,3000_premium
